Buken,Address,Age,Price
nSL Lw 5K Vz,kCDysL敽ݎlS,Vz5K,8.8~
jfq`m[݂S-Slr,kCDysL敽ݎlS,Vz5K,9.9~
nSL Lw 4K z2N,kCDysLQ,z2N4K,10~
coWfXL,kCDysLQ,z2N4K,9.4~
nSL Lw 4K z2N,kCDysLQ,z2N4K,9.4~
nSk 약݉w 5K z4N,kCDysL敽ݘZPQ,z4N5K,9.6~
A[YER[g,kCDysL敽ݘZPQ,z4N5K,8.8~
nSk 약݉w 4K z4N,kCDysL敽ݎlPU,z4N4K,9.6~
nSk 약݉w 4K z6N,kCDysL敽ݎOPO,z6N4K,8.9~
nSk 약݉w 4K z6N,kCDysL敽ݎOPO,z6N4K,8.9~
nSk 약݉w 4K z6N,kCDysL敽ݎOPO,z6N4K,8.9~
nSL Lw 4K z7N,kCDysL敽݌܏U,z7N4K,7.2~
nSL w 4K z7N,kCDysL\U,z7N4K,7.2~
nSL w 4K z7N,kCDysLW,z7N4K,6.4~
nSk 약݉w 4K z8N,kCDysL敽݈PR,z8N4K,6.4~
uV[݂mP,kCDysL敽݈PR,z8N4K,8.5~
nSk 약݉w 4K z8N,kCDysL敽݈PR,z8N4K,8.5~
nSk ݉w 4K z8N,kCDysL敽ݎlX,z8N4K,8.5~
nSk 약݉w 4K z8N,kCDysL敽ݎlX,z8N4K,7~
nSk ̓w 4K z8N,kCDysL搅ԒV,z8N4K,7~
nSL w 5K z8N,kCDysL挎W,z8N5K,6.7~
nSL Lw 4K z9N,kCDysL敽݌܏U,z9N4K,6.3~
nSL w 4K z9N,kCDysLV,z9N4K,6.5~
fBA}eL,kCDysL敽݌܏U,z9N4K,6.3~
nSk ݉w 5K z9N,kCDysL敽ݓS,z9N5K,6.5~
nSL wOw 4K z11N,kCDysLLX,z11N4K,6.5~
~mL,kCDysLLX,z11N4K,9.2~
nSL wOw 4K z11N,kCDysLLX,z11N4K,9.2~
nSk ݉w 4K z12N,kCDysL敽ݎOT,z12N4K,7.3~
nSk ݉w 4K z12N,kCDysL敽ݎOT,z12N4K,8.3~
nSk w 4K z12N,kCDys搟lQ,z12N4K,6.5~
nSL Lw 4K z13N,kCDysLQ,z13N4K,7.35~
C}[ctn,kCDysL敽݌܏X,z14N7K,6.5~
nSk ݉w 7K z14N,kCDysL敽݌܏X,z14N7K,6.9~
nSk ̓w 10K z15N,kCDysL敽݈P,z15N10K,7~
nSL Lw 5K z15N,kCDysL敽ݓQ,z15N5K,7~
nSL Lw 5K z15N,kCDysL敽ݓQ,z15N5K,6.8~
nSL w 4K z15N,kCDysLR,z15N4K,7.3~
IGgR[gWER,kCDysLR,z15N4K,7.3~
nSL w 4K z15N,kCDysLR,z15N4K,6.4~
nSk ݉w 10K z16N,kCDysL敽ݎOV,z16N10K,6.9~
nSk ݉w 10K z16N,kCDysL敽ݎOV,z16N10K,8~
FV[i약,kCDysL敽ݎlPP,z16N3K,8~
nSk 약݉w 3K z16N,kCDysL敽ݎlPP,z16N3K,7.9~
nSk 약݉w 4K z16N,kCDysL敽ݎlX,z16N4K,7~
JT@k[{II,kCDysL敽ݎlX,z16N4K,7~
nSk 약݉w 4K z16N,kCDysL敽ݎlX,z16N4K,6.5~
nSk ݉w 4K z18N,kCDysL敽ݎlX,z18N4K,6.5~
lf@b,kCDysL敽ݎlX,z18N4K,6.5~
m[UCg,kCDysL敽ݎlPO,z18N10K,8.4~
